<chart dateFormat='mm/dd/yyyy' outputDateFormat='hh:mn' caption='worktable' subCaption='date'>
   <categories>
      <category start='7/15/2007 00:00:00' end='7/15/2007 23:59:59' label='today' />
      <category start='7/16/2007 00:00:00' end='7/16/2007 23:59:59' label='tomorrow' />
   </categories>
   <categories align='right'>
      <category start='7/15/2007 00:00:00' end='7/15/2007 05:59:59' label='6 am' />
      <category start='7/15/2007 06:00:00' end='7/15/2007 11:59:59' label='12 pm' />
      <category start='7/15/2007 12:00:00' end='7/15/2007 17:59:59' label='6 pm' />
      <category start='7/15/2007 18:00:00' end='7/15/2007 23:59:59' label='Midnight' />
      <category start='7/16/2007 00:00:00' end='7/16/2007 05:59:59' label='6 am' />
      <category start='7/16/2007 06:00:00' end='7/16/2007 11:59:59' label='12 pm' />
      <category start='7/16/2007 12:00:00' end='7/16/2007 17:59:59' label='6 pm' />
      <category start='7/16/2007 18:00:00' end='7/16/2007 23:59:59' label='Midnight' />
   </categories>
   <processes fontSize='12' isBold='1' align='left' headerText='person' headerFontSize='18' headerVAlign='bottom' headerAlign='left'>
      <process label='andrey' id='EMP121'/>
      <process label='sergey' id='EMP122'/>
      <process label='vlad' id='EMP123'/>
      <process label='alina' id='EMP124'/>
      <process label='boris' id='EMP125'/>
   </processes>
   <tasks showLabels='1' showStartDate='1'>
      <task processId='EMP121' start='7/15/2007 08:00:00' end='7/15/2007 12:30:00'/>
      <task processId='EMP121' start='7/15/2007 17:00:00' end='7/15/2007 19:30:00'/>
      <task processId='EMP121' start='7/16/2007 09:00:00' end='7/16/2007 19:30:00' label='website'/>
      <task processId='EMP122' start='7/15/2007 10:00:00' end='7/15/2007 20:30:00' label='PHP'/>
      <task processId='EMP122' start='7/16/2007 10:00:00' end='7/16/2007 20:30:00' label='PHP'/>
      <task processId='EMP123' start='7/15/2007 08:00:00' end='7/15/2007 12:00:00' label='support'/>
      <task processId='EMP123' start='7/16/2007 15:00:00' end='7/16/2007 21:30:00' label='support'/>
      <task processId='EMP124' start='7/15/2007 08:00:00' end='7/15/2007 20:30:00' label='support'/>
      <task processId='EMP124' start='7/16/2007 08:00:00' end='7/16/2007 20:30:00'/>
      <task processId='EMP125' start='7/15/2007 10:00:00' end='7/15/2007 14:30:00' label='network'/>
      <task processId='EMP125' start='7/16/2007 12:00:00' end='7/16/2007 14:30:00' label='OS updates'/>
   </tasks>
</chart>