<artworkinfo>
	<albuminfo>
		<artLocation>album1.jpg</artLocation>
		<artist>The Doors</artist>
		<albumName>Greatest Hits</albumName>
		<artistLink>http://www.google.com</artistLink>
		<albumLink>http://www.yahoo.com</albumLink>
	</albuminfo>

	<albuminfo>
		<artLocation>album2.jpg</artLocation>
		<artist>The White Stripes</artist>
		<albumName>Elephant</albumName>
		<artistLink>http://www.weberdesignlabs.com</artistLink>
		<albumLink>http://www.freelanceswitch.com</albumLink>
	</albuminfo>
	
	<albuminfo>
		<artLocation>album3.jpg</artLocation>
		<artist>Kanye Wests</artist>
		<albumName>Graduation</albumName>
		<artistLink>http://www.kanyewest.com</artistLink>
		<albumLink></albumLink>
	</albuminfo>

	<albuminfo>
		<artLocation>album4.jpg</artLocation>
		<artist>A Fine Frenzy</artist>
		<albumName>One Cell In The Sea</albumName>
		<artistLink>http://www.google.com</artistLink>
		<albumLink>http://www.yahoo.com</albumLink>
	</albuminfo>

	<albuminfo>
		<artLocation>album5.jpg</artLocation>
		<artist>Amy Winehouse</artist>
		<albumName>Back to Black</albumName>
		<artistLink>http://www.google.com</artistLink>
		<albumLink>http://www.yahoo.com</albumLink>
	</albuminfo>

	<albuminfo>
		<artLocation>album6.jpg</artLocation>
		<artist>The Vines</artist>
		<albumName>Highly Evolved</albumName>
		<artistLink>http://www.google.com</artistLink>
		<albumLink>http://www.yahoo.com</albumLink>
	</albuminfo>

	<albuminfo>
		<artLocation>album7.jpg</artLocation>
		<artist>The Strokes</artist>
		<albumName>Is This It</albumName>
		<artistLink>http://www.google.com</artistLink>
		<albumLink>http://www.yahoo.com</albumLink>
	</albuminfo>

	<albuminfo>
		<artLocation>album8.jpg</artLocation>
		<artist>Yeah Yeah Yeahs</artist>
		<albumName>Maps - Single</albumName>
		<artistLink>http://www.google.com</artistLink>
		<albumLink>http://www.yahoo.com</albumLink>
	</albuminfo>

	<albuminfo>
		<artLocation>album9.jpg</artLocation>
		<artist>DangerDoom</artist>
		<albumName>The Mouse and the Mask</albumName>
		<artistLink>http://www.google.com</artistLink>
		<albumLink>http://www.yahoo.com</albumLink>
	</albuminfo>

	<albuminfo>
		<artLocation>album10.jpg</artLocation>
		<artist>Fort Minor</artist>
		<albumName>The Rising Tied</albumName>
		<artistLink>http://www.google.com</artistLink>
		<albumLink>http://www.yahoo.com</albumLink>
	</albuminfo>
	<albuminfo>
		<artLocation>album10.jpg</artLocation>
		<artist>Fort Minor</artist>
		<albumName>The Rising Tied</albumName>
		<artistLink>http://www.google.com</artistLink>
		<albumLink>http://www.yahoo.com</albumLink>
	</albuminfo>
	<albuminfo>
		<artLocation>album10.jpg</artLocation>
		<artist>Fort Minor</artist>
		<albumName>The Rising Tied</albumName>
		<artistLink>http://www.google.com</artistLink>
		<albumLink>http://www.yahoo.com</albumLink>
	</albuminfo>
	<albuminfo>
		<artLocation>album10.jpg</artLocation>
		<artist>Fort Minor</artist>
		<albumName>The Rising Tied</albumName>
		<artistLink>http://www.google.com</artistLink>
		<albumLink>http://www.yahoo.com</albumLink>
	</albuminfo>
	<albuminfo>
		<artLocation>album10.jpg</artLocation>
		<artist>Fort Minor</artist>
		<albumName>The Rising Tied</albumName>
		<artistLink>http://www.google.com</artistLink>
		<albumLink>http://www.yahoo.com</albumLink>
	</albuminfo>
	<albuminfo>
		<artLocation>album10.jpg</artLocation>
		<artist>Fort Minor</artist>
		<albumName>The Rising Tied</albumName>
		<artistLink>http://www.google.com</artistLink>
		<albumLink>http://www.yahoo.com</albumLink>
	</albuminfo>
	<albuminfo>
		<artLocation>album10.jpg</artLocation>
		<artist>Fort Minor</artist>
		<albumName>The Rising Tied</albumName>
		<artistLink>http://www.google.com</artistLink>
		<albumLink>http://www.yahoo.com</albumLink>
	</albuminfo>

</artworkinfo>